,n_procs,CPU_util,throughput,turnaround,response,waiting,runtime,mean_runtime,scheduler
0,100000,0.7405108649637835,0.3333322222259259,1.22154,5.89491,150179.86472,0.17197179794311523,1.7197179794311524e-06,fifo
1,100000,0.7405108649637835,0.3333322222259259,2.14027,4.55241,150180.28849,0.17054319381713867,1.7054319381713868e-06,rr
2,100000,0.7405108649637835,0.3333322222259259,1.58285,5.45205,150179.94627,12.997012376785278,0.0001299701237678528,mlq
3,100000,0.7405108649637835,0.3333322222259259,2.94074,3.53249,150180.50794,1.55122971534729,1.55122971534729e-05,cfs
4,100000,0.7405108649637835,0.3333322222259259,1.22154,5.89491,150179.86472,11.223325252532959,0.0001122332525253296,ml_prio
